area,major_axis_length,minor_axis_length,eccentricity,equiv_diameter,solidity,extent,perimeter,aspect_ratio,compactness,roundness,category
1159,66.74485492,22.72966654,0.940228002,38.41464086,0.956270627,0.766534392,144.132,2.936464325,0.5755446,0.701087904,Whole Rice
1087,65.32821388,21.56572901,0.943941227,37.20230349,0.966222222,0.526392252,140.643,3.029260631,0.569467636,0.690562777,Whole Rice
1085,62.64757328,22.35551496,0.934163354,37.16806298,0.962732919,0.656382335,137.119,2.802331925,0.593288152,0.725177511,Whole Rice
1154,64.57198848,23.19619374,0.93324907,38.33168969,0.957676349,0.558837772,141.66,2.783732072,0.593627215,0.72263867,Whole Rice
1098,64.98767316,22.08646106,0.940477427,37.39006579,0.960629921,0.556795132,142.644,2.942421286,0.575340891,0.678117866,Whole Rice
1160,65.5426866,22.99051705,0.93646102,38.43120961,0.967472894,0.517857143,142.529,2.850857441,0.586353895,0.717565214,Whole Rice
1167,65.85390556,22.92534602,0.937448376,38.54699144,0.959703947,0.514550265,143.439,2.872537038,0.585341008,0.712764765,Whole Rice
1101,64.43381098,22.08453416,0.939427529,37.44111028,0.970044053,0.84562212,139.707,2.917598828,0.581078625,0.708860618,Whole Rice
1105,65.86784883,21.78012167,0.943748572,37.50906153,0.955882353,0.685483871,143.454,3.02421859,0.569459337,0.674756097,Whole Rice
1105,66.47672796,21.5753141,0.945867034,37.50906153,0.955882353,0.724590164,144.347,3.081147632,0.564243498,0.666433189,Whole Rice
1080,65.57079247,21.30800022,0.945727156,37.08232339,0.96687556,0.64516129,141.61,3.077285141,0.565531115,0.676777285,Whole Rice
1083,66.84760284,21.02286403,0.949260977,37.1337909,0.968694097,0.793406593,142.999,3.179757179,0.555499215,0.665537176,Whole Rice
1137,66.58628651,22.27298793,0.942396416,38.04830302,0.957070707,0.457729469,145.252,2.989553387,0.5714135,0.677214248,Whole Rice
1081,64.48111538,21.88614628,0.940635115,37.09948716,0.954104148,0.521718147,139.601,2.946206909,0.575354302,0.697041281,Whole Rice
1173,66.19906432,22.89215249,0.938305371,38.64595692,0.966227348,0.503001715,144.556,2.891779808,0.583784036,0.705400286,Whole Rice
1106,65.97696747,21.75952888,0.944049104,37.52603012,0.955920484,0.584875727,142.52,3.032095402,0.568774704,0.684247727,Whole Rice
1138,66.79218487,21.96417659,0.944384427,38.06503122,0.962774958,0.525392428,143.604,3.04096011,0.569902471,0.693456226,Whole Rice
1143,66.97153325,22.08496629,0.944062537,38.14856222,0.977758768,0.850446429,144.314,3.032448969,0.569623546,0.689666555,Whole Rice
1094,64.16622927,21.9734161,0.93953781,37.32189789,0.966431095,0.767180926,140.518,2.920175406,0.581643932,0.696246887,Whole Rice
1152,67.04017254,22.23376235,0.943403082,38.29845892,0.96969697,0.831168831,143.71,3.015241931,0.571276258,0.700952137,Whole Rice
1080,65.7279387,21.4138756,0.945440217,37.08232339,0.961709706,0.512091038,142.495,3.069408822,0.56417901,0.668396809,Whole Rice
1080,64.65610896,21.64943986,0.942275063,37.08232339,0.971223022,0.48,140.157,2.986502624,0.573531627,0.690882247,Whole Rice
1141,65.13601414,22.71889802,0.93720029,38.11517179,0.965313029,0.541014699,141.015,2.867041089,0.58516279,0.721049176,Whole Rice
1112,63.96473797,22.60729726,0.935459558,37.62768095,0.95862069,0.792587313,142.577,2.829384567,0.588256626,0.68740978,Whole Rice
1081,64.92387023,21.46683669,0.943754752,37.09948716,0.972122302,0.555213148,139.386,3.024379938,0.571430616,0.699193283,Whole Rice
1131,64.90255093,22.57968765,0.937531132,37.94777892,0.962553191,0.673214286,142.238,2.874377712,0.584688558,0.702491696,Whole Rice
1179,66.62488967,22.92146586,0.938955879,38.74466961,0.967186218,0.813664596,143.652,2.906659202,0.581534466,0.71796011,Whole Rice
1094,65.8888827,21.71907185,0.944109564,37.32189789,0.933447099,0.705806452,144.074,3.033687773,0.566436952,0.662301835,Whole Rice
1085,64.41167839,22.01095788,0.939800686,37.16806298,0.959328028,0.583333333,140.477,2.926345993,0.577039194,0.690922211,Whole Rice
1122,66.47446411,21.91320278,0.944103761,37.79649149,0.956521739,0.55,144.612,3.033534841,0.568586629,0.67420824,Whole Rice
1118,64.41573638,22.45464438,0.937275527,37.72905791,0.9604811,0.592161017,140.849,2.868704367,0.585711816,0.708180773,Whole Rice
1115,61.3920375,23.6275913,0.922973252,37.67840353,0.961206897,0.533492823,137.939,2.598319766,0.613734371,0.736394583,Whole Rice
1143,65.86652839,22.35746226,0.9406292,38.14856222,0.967823878,0.488461538,142.87,2.946064612,0.579179792,0.703678051,Whole Rice
1118,66.71839878,21.79633076,0.945131046,37.72905791,0.962962963,0.535440613,142.404,3.060992215,0.565497053,0.692799062,Whole Rice
1149,64.32300429,23.15314437,0.932971122,38.24855863,0.967171717,0.502185315,142.968,2.778154158,0.594632652,0.70640247,Whole Rice
1119,66.96971193,21.9229331,0.944901099,37.7459276,0.9572284,0.591750397,145.009,3.054778831,0.563626847,0.668728812,Whole Rice
1154,66.18352962,22.86772676,0.938411422,38.33168969,0.944353519,0.715880893,143.983,2.89418928,0.579172642,0.699508887,Whole Rice
1149,66.1979888,22.62321062,0.939790638,38.24855863,0.963118189,0.49271012,143.63,2.92610938,0.577790343,0.699905767,Whole Rice
1126,65.97693542,22.13231127,0.942056132,37.86380498,0.964041096,0.481196581,142.795,2.981023293,0.57389457,0.693940529,Whole Rice
1111,66.85664828,21.53350472,0.94671085,37.61075822,0.957758621,0.663679809,143.454,3.104773197,0.562558238,0.678419931,Whole Rice
1087,65.44029236,21.57964964,0.944064484,37.20230349,0.954345917,0.529727096,141.999,3.032500223,0.568492318,0.67743688,Whole Rice
1101,65.87705825,21.83424614,0.943476544,37.44111028,0.949137931,0.591935484,143.148,3.017143703,0.568348242,0.675190952,Whole Rice
1226,71.54415376,22.27463898,0.950298211,39.50938726,0.975338107,0.444847605,151.894,3.211910812,0.552237817,0.667757994,Whole Rice
1127,65.96491982,22.16237178,0.941871943,37.88061466,0.959148936,0.626807564,143.14,2.976437742,0.574253933,0.691212772,Whole Rice
1283,72.1242963,23.03522626,0.947625941,40.4174014,0.961769115,0.683901919,155.884,3.131043536,0.560385383,0.663488558,Whole Rice
1135,73.10779992,20.35443077,0.960460386,38.01482452,0.952980688,0.471933472,153.106,3.591738857,0.519983156,0.608444969,Whole Rice
1162,68.92220407,21.86930938,0.948323786,38.46432569,0.96192053,0.733585859,148.441,3.151549182,0.558083222,0.662686692,Whole Rice
1265,73.53228313,22.35208451,0.952679537,40.13287959,0.962709285,0.442307692,157.575,3.289728217,0.545785849,0.640214871,Whole Rice
1124,71.90662057,20.27822497,0.959412124,37.83016321,0.968965517,0.412325752,152.266,3.546001717,0.526101253,0.609214592,Whole Rice
1111,72.31832054,19.91887458,0.961320181,37.61075822,0.972854641,0.419245283,150.19,3.630642899,0.520072341,0.618930505,Whole Rice
1218,73.47709378,21.37077025,0.95676884,39.38027127,0.965134707,0.706086957,154.726,3.438205217,0.535953033,0.639338056,Whole Rice
1162,68.53763087,21.84434706,0.947848749,38.46432569,0.965116279,0.595897436,148.491,3.137545411,0.561214696,0.662240487,Whole Rice
1165,68.12526646,22.12279794,0.94580434,38.51394643,0.954918033,0.746794872,148.548,3.079414578,0.565340122,0.663440793,Whole Rice
1169,71.25266141,21.49593002,0.953407342,38.58000814,0.951179821,0.747442455,152.245,3.314704753,0.541453573,0.633779661,Whole Rice
1258,71.56447589,23.0089183,0.946905122,40.02168596,0.960305344,0.804347826,154.296,3.110292929,0.559239559,0.664020015,Whole Rice
1128,73.34211381,19.83725267,0.962726829,37.89741688,0.964102564,0.767346939,152.807,3.697191089,0.516721089,0.607061184,Whole Rice
1251,71.3540102,22.82037175,0.947478641,39.91018254,0.961568025,0.549165935,154.917,3.12676809,0.559326413,0.655041804,Whole Rice
1245,72.52404281,22.29734202,0.951565017,39.81435964,0.962132921,0.631338742,155.909,3.252586911,0.548981525,0.643630837,Whole Rice
1185,71.51761056,21.63930258,0.953126194,38.84313145,0.968137255,0.45194508,152.074,3.304986854,0.543126807,0.643899779,Whole Rice
1197,74.32100944,21.11724502,0.958784104,39.03931013,0.936619718,0.419117647,158.062,3.51944628,0.5252796,0.602072885,Whole Rice
1137,68.4613027,21.48143889,0.949497397,38.04830302,0.973458904,0.47672956,146.401,3.186997996,0.555763643,0.666625991,Whole Rice
1106,71.73965223,19.99653757,0.960367303,37.52603012,0.96173913,0.421815408,149.941,3.587603703,0.523086312,0.618193145,Whole Rice
1112,69.3929056,20.83175277,0.95387627,37.62768095,0.95862069,0.447665056,147.211,3.33111219,0.542241035,0.644813506,Whole Rice
1109,68.82221678,21.04260274,0.952110851,37.57688991,0.950299914,0.646270396,148.226,3.270613319,0.545999412,0.634296963,Whole Rice
1143,71.8776288,20.70747331,0.957602303,38.14856222,0.959697733,0.51719457,152.014,3.471096049,0.530743193,0.621568391,Whole Rice
1082,70.6279784,19.91150549,0.959437642,37.116643,0.962633452,0.784057971,148.788,3.547093837,0.525523225,0.61418798,Whole Rice
1260,73.52475134,22.39665351,0.95247595,40.05348707,0.960365854,0.544982699,157.15,3.282845417,0.544761952,0.641138178,Whole Rice
1176,73.40378008,20.77373201,0.959118051,38.69534474,0.956875509,0.576470588,154.842,3.533490278,0.527157385,0.616367373,Whole Rice
1124,69.07811137,21.29308755,0.951306513,37.83016321,0.964806867,0.461412151,147.393,3.244156641,0.547643276,0.650163311,Whole Rice
1316,72.91710419,23.42987422,0.946969975,40.93388866,0.971935007,0.459016393,158.451,3.112142365,0.561375676,0.658681983,Whole Rice
1168,69.47045951,21.95915519,0.948728069,38.56350332,0.969294606,0.449749711,149.884,3.163621684,0.555106496,0.653344376,Whole Rice
1144,67.85831162,21.74640598,0.947259399,38.16524648,0.9678511,0.475083056,145.789,3.120438002,0.562425524,0.676373174,Whole Rice
1184,70.92784476,21.64710593,0.952288602,38.82673848,0.958704453,0.616666667,150.963,3.276550915,0.54741179,0.652860707,Whole Rice
1140,71.43088775,20.6105728,0.957468245,38.0984656,0.9735269,0.431818182,149.462,3.465740056,0.533361222,0.641288034,Whole Rice
1248,71.92117549,22.59549067,0.949366673,39.86229988,0.968944099,0.846675712,152.286,3.182987992,0.554249838,0.676245659,Whole Rice
1223,73.53571031,21.83011773,0.954919716,39.46101827,0.948062016,0.454985119,157.614,3.368543918,0.536623881,0.618652453,Whole Rice
1124,67.31151467,21.77905496,0.946208969,37.83016321,0.964806867,0.469507101,144.606,3.090653602,0.562016222,0.675466087,Whole Rice
1124,68.48847664,21.37747353,0.950038608,37.83016321,0.960683761,0.456168831,148.327,3.203768516,0.552358076,0.642001066,Whole Rice
1209,72.70057306,21.80563545,0.953958823,39.23450789,0.951219512,0.530728709,155.016,3.334026803,0.539672608,0.632241665,Whole Rice
1161,69.55942861,21.77868338,0.949721935,38.44777122,0.965890183,0.799586777,148.11,3.193922581,0.552732706,0.66507913,Whole Rice
1092,68.65535247,20.74546184,0.953254636,37.2877672,0.961267606,0.525252525,146.134,3.309415476,0.543115225,0.642584075,Whole Rice
1166,69.25759565,21.83288488,0.949011405,38.53047248,0.962840628,0.587701613,149.516,3.172168774,0.556335693,0.655440201,Whole Rice
1212,73.59951672,21.48064559,0.956461504,39.28315578,0.96882494,0.478106509,156.009,3.426317725,0.533742034,0.625767751,Whole Rice
1130,68.27449034,21.60086624,0.948631646,37.93099901,0.963341858,0.536053131,147.242,3.160729277,0.555566198,0.654975254,Whole Rice
1146,74.66972927,20.07733707,0.96317316,38.19859315,0.940114848,0.572713643,159.961,3.719105229,0.511567318,0.562815774,Whole Rice
1249,71.57073482,22.55150711,0.949060477,39.87826716,0.97047397,0.472033258,152.406,3.173656398,0.557186778,0.675722177,Whole Rice
1143,70.90082,21.05818378,0.95487467,38.14856222,0.954887218,0.488461538,149.434,3.366900999,0.538055304,0.64321661,Whole Rice
1240,75.02535343,21.56508195,0.957799469,39.73433069,0.971025842,0.417508418,157.882,3.479020094,0.529612043,0.625124198,Whole Rice
1172,71.04528975,21.40591188,0.953529547,38.62948028,0.95751634,0.554924242,150.666,3.318956471,0.54373035,0.6487942,Whole Rice
1200,72.2150665,21.75778745,0.953532075,39.08820095,0.955414013,0.444444444,153.596,3.319044579,0.541274873,0.639191952,Whole Rice
1191,70.18859296,22.07966735,0.949232193,38.94134432,0.962035541,0.492352212,149.542,3.178879096,0.554810158,0.669260596,Whole Rice
1086,67.82418068,20.92273404,0.951229247,37.18518718,0.957671958,0.506057782,143.81,3.241649995,0.548258553,0.659874759,Whole Rice
1091,68.78503732,20.66241133,0.953816126,37.27069014,0.948695652,0.621652422,148.234,3.328993708,0.541842988,0.62393444,Whole Rice
1191,74.14727084,21.07679733,0.958748454,38.94134432,0.957395498,0.427801724,156.533,3.517957196,0.525189179,0.610815161,Whole Rice
1206,70.05692246,22.31985515,0.9478906,39.18579961,0.966346154,0.475364604,149.857,3.138771376,0.559342292,0.674843553,Whole Rice
1191,69.71087996,22.34102488,0.947254884,38.94134432,0.966720779,0.761508951,151.625,3.120308059,0.558612147,0.650998515,Whole Rice
1188,69.15069253,22.26123973,0.946765651,38.89226889,0.958064516,0.523809524,149.062,3.106327112,0.562427757,0.671881088,Whole Rice
1121,68.55148688,21.15037815,0.951213723,37.77964438,0.968048359,0.495579134,145.688,3.241147103,0.55111342,0.663694034,Whole Rice
1210,72.12292846,22.02716414,0.9522205,39.25073056,0.954258675,0.483806477,154.752,3.274272076,0.544219867,0.634925388,Whole Rice
1161,67.83506505,22.14982944,0.945188643,38.44777122,0.960297767,0.594470046,147.457,3.062554736,0.566783141,0.670982658,Whole Rice
1277,72.95548348,22.81836457,0.949828542,40.32278387,0.964501511,0.472962963,155.555,3.197226657,0.55270395,0.663182123,Whole Rice
1098,70.99669376,20.25669257,0.958432665,37.39006579,0.936061381,0.589371981,153.428,3.504851225,0.526645169,0.586142155,Whole Rice
1250,73.80937492,21.92938407,0.954843761,39.89422804,0.961538462,0.557040998,157.224,3.365775103,0.540503535,0.635451186,Whole Rice
1156,72.14031251,20.66335497,0.958100321,38.36489168,0.9593361,0.565004888,152.146,3.491219727,0.531809336,0.627547524,Whole Rice
1232,71.57677147,22.44011613,0.949584518,39.60594803,0.956521739,0.811594203,154.321,3.189679192,0.553335212,0.650085552,Whole Rice
1309,75.24844197,22.54493909,0.954062792,40.82487678,0.963208241,0.528035498,160.251,3.337708817,0.542534513,0.640542594,Whole Rice
1149,71.21676695,21.01895227,0.955453863,38.24855863,0.959098497,0.506613757,150.079,3.388216789,0.537072381,0.641047245,Whole Rice
1280,71.93446514,23.26536448,0.946253998,40.37012035,0.968962907,0.48799085,154.984,3.091912237,0.56120693,0.66964727,Whole Rice
1134,72.46722289,20.3624857,0.959711016,37.99807421,0.961832061,0.736363636,154.238,3.558859364,0.524348425,0.59901838,Whole Rice
1194,68.22567693,22.77324573,0.942646439,38.99035799,0.964458805,0.527851459,146.713,2.995869704,0.571490966,0.697070968,Whole Rice
1196,69.18474979,22.29978591,0.946629997,39.02299957,0.975530179,0.469387755,148.676,3.102484933,0.564040481,0.679922334,Whole Rice
1214,73.55809232,21.48515292,0.956392623,39.31555427,0.949179046,0.693714286,155.76,3.423670877,0.53448306,0.628805995,Whole Rice
1091,69.88308054,20.21349995,0.957254374,37.27069014,0.965486726,0.496812386,146.523,3.457247914,0.533329239,0.638591319,Whole Rice
1217,71.49498144,22.32437796,0.949999645,39.364102,0.953014879,0.460984848,153.753,3.202552007,0.550585526,0.646923974,Whole Rice
1161,71.36128958,21.15638262,0.955042596,38.44777122,0.951639344,0.615915119,150.955,3.373038334,0.538776295,0.640246302,Whole Rice
1128,69.25601875,21.03823126,0.952743873,37.89741688,0.967409949,0.445849802,148.328,3.291912609,0.547207558,0.64427708,Whole Rice
1106,73.20249387,19.6477431,0.963306815,37.52603012,0.958405546,0.472649573,153.271,3.725745675,0.51263322,0.591622945,Whole Rice
1127,70.76671213,20.5188449,0.957041638,37.88061466,0.969879518,0.433962264,149.445,3.448864323,0.535288606,0.634119343,Whole Rice
1176,70.60792337,21.67867778,0.95170017,38.69534474,0.973509934,0.443438914,150.099,3.257021673,0.548031197,0.655936183,Whole Rice
1231,70.18403099,22.81062953,0.945710003,39.58987092,0.959469992,0.734925373,152.278,3.076812541,0.564086593,0.667104067,Whole Rice
1081,67.92837817,20.74032769,0.952247754,37.09948716,0.9574845,0.454583684,144.44,3.275183458,0.546155939,0.651119345,Whole Rice
1103,70.6787496,20.32911066,0.957742532,37.47510131,0.954152249,0.642773893,149.334,3.4767261,0.530217378,0.621538421,Whole Rice
1187,70.17422858,22.13526384,0.948947867,38.87589664,0.947326417,0.676353276,150.376,3.170245862,0.553991079,0.659634749,Whole Rice
1203,67.57699871,23.1059175,0.939729117,39.1370307,0.959330144,0.545578231,147.929,2.924661993,0.579147216,0.690826277,Whole Rice
1196,69.45215297,22.3473434,0.946819214,39.02299957,0.962962963,0.724848485,149.218,3.10784829,0.561868825,0.674991982,Whole Rice
1088,67.0698218,21.00833919,0.949677007,37.21941193,0.962831858,0.566666667,143.09,3.192533269,0.554935304,0.667759679,Whole Rice
1112,70.2963983,20.65424453,0.955861831,37.62768095,0.9594478,0.51914099,148.458,3.403484364,0.535271819,0.634026544,Whole Rice
1133,74.64517628,19.56012532,0.965056637,37.98131651,0.970865467,0.395877009,155.64,3.816191107,0.508824795,0.58775635,Whole Rice
1146,70.84218292,20.90910841,0.955450763,38.19859315,0.952618454,0.519727891,150.707,3.388101565,0.53920689,0.634056023,Whole Rice
1092,68.75821494,20.52940389,0.954386539,37.2877672,0.962114537,0.462711864,145.548,3.349255308,0.542302723,0.647768788,Whole Rice
1128,68.65240734,21.27140869,0.950788015,37.89741688,0.981723238,0.867692308,144.81,3.227449971,0.552018762,0.675961337,Whole Rice
1167,67.28623396,22.42298385,0.942839307,38.54699144,0.966859983,0.816083916,145.695,3.000770745,0.572880798,0.690862189,Whole Rice
1137,71.91535534,20.70395016,0.957662487,38.04830302,0.948290242,0.796218487,152.617,3.473508909,0.529070639,0.613429283,Whole Rice
1121,68.02023919,21.44429196,0.949004209,37.77964438,0.972246314,0.821245421,145.116,3.171950807,0.555417694,0.668936477,Whole Rice
1136,68.32643154,21.75327494,0.947965602,38.03156745,0.953820319,0.511711712,147.077,3.140972187,0.556615743,0.659931213,Whole Rice
1106,68.04471553,21.12977473,0.950564304,37.52603012,0.950988822,0.63019943,146.787,3.220323756,0.551490734,0.645044686,Whole Rice
1236,72.07272278,22.31977256,0.950839519,39.67019129,0.955916473,0.453411592,154.985,3.229097545,0.550418935,0.646619801,Whole Rice
1149,68.5381693,21.65135664,0.948791767,38.24855863,0.982051282,0.857462687,147.126,3.165536942,0.558062157,0.667038709,Whole Rice
1095,67.97135381,20.83899155,0.951843312,37.33895153,0.971606034,0.79004329,144.496,3.261739113,0.549333645,0.659040848,Whole Rice
1087,70.82247567,19.88367707,0.959779829,37.20230349,0.952673094,0.609988777,150.467,3.561839968,0.525289509,0.603332727,Whole Rice
1172,69.84930726,21.88125042,0.94966619,38.62948028,0.966199505,0.492643968,149.467,3.192199071,0.553040278,0.659244993,Whole Rice
1226,75.13674166,21.38323706,0.958649043,39.50938726,0.956318253,0.773989899,160.218,3.513815118,0.52583312,0.600174752,Whole Rice
1156,74.02638388,20.36963256,0.961396387,38.36489168,0.942135289,0.566666667,156.339,3.63415411,0.518259702,0.594337371,Whole Rice
1225,74.18934333,21.56502503,0.956821691,39.49327085,0.963808025,0.455729167,156.142,3.440262333,0.532330778,0.631402761,Whole Rice
1101,67.32240824,21.27337085,0.948761714,37.44111028,0.971756399,0.806593407,143.826,3.164632851,0.55614633,0.668840216,Whole Rice
1187,68.62589637,22.6062006,0.944186247,38.87589664,0.965825875,0.460791925,148.618,3.035711201,0.566490184,0.675332667,Whole Rice
1107,73.88270085,19.40414952,0.964895381,37.54299104,0.946153846,0.41,155.068,3.80757223,0.508143186,0.578512988,Whole Rice
1202,70.6429112,22.05961769,0.949993599,39.12076089,0.9616,0.56037296,152.543,3.20236335,0.553781834,0.649127137,Whole Rice
1140,70.63143143,21.06521018,0.954490505,38.0984656,0.957983193,0.574596774,149.69,3.352989637,0.539398181,0.639335969,Whole Rice
1164,70.58545465,21.41422301,0.952869618,38.49741329,0.96039604,0.499356499,150.84,3.296194992,0.545401506,0.642879825,Whole Rice
1084,70.20795745,20.05230839,0.958345026,37.1509309,0.964412811,0.647164179,148.689,3.501240659,0.529155558,0.616142924,Whole Rice
1310,72.60204662,23.36552728,0.946797421,40.84046772,0.958302853,0.592492085,157.009,3.107229114,0.56252502,0.667777935,Whole Rice
1114,68.1284085,21.36518927,0.949554597,37.66150359,0.962834918,0.485191638,145.498,3.188757546,0.552801752,0.66127333,Whole Rice
1194,68.8846395,22.43785022,0.945462549,38.99035799,0.957497995,0.574314574,149.64,3.07001958,0.566023983,0.670067867,Whole Rice
1180,69.55649994,22.09154506,0.948222854,38.76109729,0.953920776,0.789297659,147.473,3.148557502,0.557260606,0.681815455,Whole Rice
1160,77.17977568,19.51505922,0.967504974,38.43120961,0.950819672,0.544600939,160.813,3.954882986,0.497944044,0.56367081,Whole Rice
1166,67.87513978,22.2141594,0.944927489,38.53047248,0.97736798,0.841269841,145.976,3.055489904,0.567666934,0.687615244,Whole Rice
1166,67.31193143,22.41437176,0.942929457,38.53047248,0.967634855,0.648498331,146.274,3.00307018,0.572416682,0.684816379,Whole Rice
1300,76.08275793,22.41337189,0.955623123,40.68428945,0.955882353,0.447658402,161.493,3.394525299,0.534737312,0.626391436,Whole Rice
1087,69.40620043,20.36151106,0.955999799,37.20230349,0.958553792,0.433413078,149.056,3.408695957,0.536008357,0.614809378,Whole Rice
1107,69.97450514,20.52615375,0.956008917,37.54299104,0.965126417,0.608241758,148.168,3.409041264,0.536523852,0.633648845,Whole Rice
1096,73.74343032,19.115679,0.96581864,37.35599739,0.962247586,0.455717256,153.47,3.857745797,0.506567124,0.584754311,Whole Rice
1138,71.50938721,20.63595977,0.957456711,38.06503122,0.958719461,0.514932127,151.187,3.465280414,0.532308172,0.625638156,Whole Rice
1183,73.0723353,21.08902093,0.957448336,38.81033859,0.972062449,0.857246377,152.104,3.464946787,0.531122188,0.642559484,Whole Rice
1129,67.13464508,21.86167073,0.945494117,37.91421166,0.964133219,0.468853821,146.268,3.070883552,0.564748821,0.6631399,Whole Rice
1132,68.83899402,21.32645577,0.950801105,37.96455142,0.965870307,0.530210773,146.68,3.227868463,0.551497766,0.661172053,Whole Rice
1176,69.3307658,22.05936362,0.94803177,38.69534474,0.962356792,0.623872679,150.608,3.142917765,0.558126602,0.651510026,Whole Rice
1177,68.70148945,22.35963775,0.945555554,38.71179335,0.967927632,0.462657233,148.676,3.072567195,0.563478225,0.669120892,Whole Rice
1142,69.64421082,21.482592,0.951236668,38.13187066,0.958053691,0.526267281,148.648,3.241890495,0.547523911,0.649468104,Whole Rice
1189,74.00172314,20.86656381,0.959422039,38.90863424,0.966666667,0.433309038,155.317,3.546425938,0.525780111,0.619375086,Whole Rice
1185,72.53534406,21.09397724,0.956780933,38.84313145,0.968137255,0.462529274,152.85,3.438675563,0.535506269,0.63737838,Whole Rice
1108,68.56213262,21.39162051,0.950080976,37.5599443,0.942176871,0.518969555,146.407,3.205092976,0.547823454,0.649569973,Whole Rice
1154,71.77068538,21.04482264,0.956044045,38.33168969,0.957676349,0.507252747,151.03,3.410372546,0.534085602,0.635754186,Whole Rice
1128,72.88321065,20.05408084,0.961400267,37.89741688,0.964102564,0.420268256,153.042,3.634333143,0.519974581,0.605198299,Whole Rice
1179,69.76038576,21.85119321,0.949676599,38.74466961,0.961663948,0.604615385,149.69,3.19252066,0.555396436,0.661207989,Whole Rice
1120,67.86135566,21.74389343,0.947276787,37.76278976,0.949152542,0.43956044,146.567,3.120938569,0.556469723,0.655172242,Whole Rice
1146,73.14844121,20.39321053,0.960351468,38.19859315,0.956594324,0.615136876,154.503,3.586901685,0.522206523,0.60328239,Whole Rice
1153,68.7893028,21.70451768,0.948918362,38.31507791,0.964046823,0.771237458,146.745,3.169354133,0.556991805,0.672841153,Whole Rice
1190,73.69098489,21.13195961,0.958001103,38.92499272,0.955823293,0.415793152,155.822,3.487181798,0.528219195,0.615884504,Whole Rice
1132,67.40671418,21.69609069,0.94678442,37.96455142,0.952861953,0.7075,145.282,3.106859902,0.56321617,0.673957749,Whole Rice
1098,67.50319857,21.11586182,0.949814812,37.39006579,0.961471103,0.451851852,145.516,3.196800546,0.553900653,0.651614452,Whole Rice
1241,72.60247063,22.26564495,0.951813038,39.75034937,0.961270333,0.856452726,154.784,3.260739619,0.547506841,0.650922845,Whole Rice
1139,72.39362105,20.27566324,0.959978042,38.08175208,0.960370995,0.774829932,152.708,3.570468705,0.526037398,0.613776151,Whole Rice
1082,67.75537889,20.81953054,0.951620779,37.116643,0.958370239,0.805059524,143.28,3.254414348,0.547803637,0.662317117,Whole Rice
1115,73.64773583,19.67438071,0.963657261,37.67840353,0.965367965,0.392329346,154.92,3.743331845,0.511603013,0.583807614,Whole Rice
1109,71.02178719,20.35350251,0.958055984,37.57688991,0.9470538,0.679534314,150.434,3.489413538,0.529089613,0.615813781,Whole Rice
1238,73.02685266,21.86232089,0.95413593,39.70227394,0.970980392,0.424554184,156.12,3.340306503,0.543666781,0.638283214,Whole Rice
1147,70.01480079,21.1829963,0.953133432,38.21525556,0.961441744,0.466260163,148.997,3.305235945,0.545816815,0.649259381,Whole Rice
1189,69.66873499,22.25394065,0.947611536,38.90863424,0.96431468,0.464090554,150.626,3.130624642,0.558480562,0.658554668,Whole Rice
1254,69.82244023,23.48730107,0.941724145,39.95800782,0.95,0.603755416,153.354,2.972774097,0.572280311,0.670065386,Whole Rice
1111,70.07892257,20.63315584,0.955673845,37.61075822,0.977132806,0.427801309,148.329,3.39642288,0.536691445,0.634558674,Whole Rice
1158,71.75837428,21.09799924,0.955800973,38.39806496,0.956234517,0.443678161,151.809,3.40119333,0.535102214,0.631427343,Whole Rice
1200,70.70387303,22.05301023,0.950112743,39.08820095,0.957701516,0.446428571,151.81,3.206087165,0.552843844,0.654320233,Whole Rice
1239,72.96141205,21.97546127,0.953563223,39.71830555,0.95234435,0.4425,156.384,3.320131084,0.544374135,0.636643832,Whole Rice
1145,67.93290883,22.08803764,0.945664214,38.18192345,0.95735786,0.626710454,147.134,3.075552022,0.562053416,0.664644273,Whole Rice
1212,73.57103003,21.4814255,0.956423776,39.28315578,0.970376301,0.478106509,156.009,3.424867219,0.533948699,0.625767751,Whole Rice
1128,69.81271619,20.95008204,0.953910965,37.89741688,0.971576227,0.433846154,149.263,3.332336172,0.54284404,0.636230715,Whole Rice
1105,71.46410024,19.93376348,0.96031029,37.50906153,0.95340811,0.65,151.013,3.585078168,0.524865791,0.608896491,Whole Rice
1101,68.89610281,20.69774728,0.953807107,37.44111028,0.960732984,0.834090909,148.333,3.328676396,0.543443079,0.62881316,Whole Rice
1169,68.83795371,22.08800088,0.94712341,38.58000814,0.958196721,0.770092227,148.052,3.116531645,0.56044676,0.67018672,Whole Rice
1283,74.14341989,22.50923068,0.952802638,40.4174014,0.956748695,0.448601399,158.493,3.29391177,0.54512459,0.641824585,Whole Rice
1310,75.31833258,22.53818824,0.954178168,40.84046772,0.963235294,0.528438887,160.069,3.341809545,0.542238076,0.642490479,Whole Rice
1164,71.22433401,21.19073851,0.954715259,38.49741329,0.96039604,0.648829431,152.088,3.36110674,0.540509277,0.632372458,Whole Rice
1226,71.54415376,22.27463898,0.950298211,39.50938726,0.975338107,0.444847605,151.894,3.211910812,0.552237817,0.667757994,Whole Rice
1216,72.16494149,21.84547297,0.953080848,39.34792607,0.965845909,0.446074835,155.002,3.303427745,0.545249885,0.636017163,Whole Rice
1181,69.17279738,22.33943875,0.946415614,38.777518,0.962510187,0.462774295,149.089,3.096442938,0.560589126,0.667680293,Whole Rice
1147,69.52068737,21.63411187,0.950347863,38.21525556,0.955833333,0.653561254,149.433,3.213475449,0.54969617,0.645476226,Whole Rice
1262,71.348715,23.12430289,0.946021942,40.08526295,0.962623951,0.806905371,154.288,3.085442849,0.561821792,0.666200448,Whole Rice
1164,68.95426633,21.89299897,0.948258178,38.49741329,0.963576159,0.734848485,148.35,3.149603507,0.558303573,0.664641941,Whole Rice
1195,68.68106855,22.48378409,0.94489793,39.0066822,0.965266559,0.766025641,147.961,3.054693475,0.567939361,0.685935458,Whole Rice
1150,73.84594275,20.54668594,0.960512404,38.26519929,0.936482085,0.472861842,157.208,3.594056141,0.518176055,0.584734097,Whole Rice
1098,68.99786967,20.61941026,0.954302835,37.39006579,0.950649351,0.63986014,148.879,3.346258152,0.541901742,0.622508546,Whole Rice
1177,73.4157593,20.79076364,0.959063204,38.71179335,0.956910569,0.576960784,154.842,3.53117185,0.527295416,0.616891495,Whole Rice
1153,70.1883199,21.48984568,0.951975536,38.31507791,0.961634696,0.465294592,149.998,3.266115586,0.545889657,0.643973853,Whole Rice
1167,69.24136388,21.86035396,0.948854947,38.54699144,0.966859983,0.588205645,149.516,3.167440198,0.556704682,0.656002328,Whole Rice
1148,67.90294479,21.78642392,0.947131198,38.23191072,0.972057578,0.468954248,146.145,3.11675496,0.563037595,0.675435416,Whole Rice
1190,74.17733413,21.06214785,0.958841109,38.92499272,0.95659164,0.427442529,156.533,3.521831423,0.524755886,0.610302302,Whole Rice
1193,70.55707888,22.14000653,0.949492874,38.97402695,0.957463884,0.48495935,150.038,3.186858991,0.552375858,0.665959433,Whole Rice
1209,72.15153125,22.00068523,0.952376901,39.23450789,0.953470032,0.483406637,154.752,3.279512911,0.543779282,0.634400657,Whole Rice
1255,73.82154575,22.09212619,0.954170372,39.97393687,0.960949464,0.430975275,156.773,3.341531962,0.541494173,0.64166899,Whole Rice
1138,67.07558414,22.10198686,0.944152548,38.06503122,0.962774958,0.483843537,145.06,3.034821465,0.567494592,0.679605336,Whole Rice
1211,72.75304872,21.81213817,0.953998731,39.26694652,0.952044025,0.531606673,155.016,3.335438651,0.539729224,0.633287557,Whole Rice
1129,69.37295098,21.01950948,0.952992823,37.91421166,0.967437875,0.446245059,148.328,3.300407702,0.546527301,0.644848248,Whole Rice
1251,73.8347758,21.94160342,0.954824068,39.91018254,0.957886677,0.541089965,157.894,3.365058351,0.540533673,0.630573796,Whole Rice
1280,74.36134748,22.4432711,0.953366933,40.37012035,0.954511559,0.61302682,161.086,3.313302555,0.542891189,0.619875168,Whole Rice
1084,68.28068922,20.51159755,0.953812953,37.1509309,0.960992908,0.537698413,145.274,3.328882065,0.544091328,0.645451117,Whole Rice
1120,75.02423195,19.40529163,0.965970128,37.76278976,0.958083832,0.384219554,156.12,3.866173896,0.503341238,0.577445234,Whole Rice
1172,69.84930726,21.88125042,0.94966619,38.62948028,0.966199505,0.492643968,149.467,3.192199071,0.553040278,0.659244993,Whole Rice
1133,68.34311062,21.4493676,0.949473148,37.98131651,0.97588286,0.475052411,145.847,3.186252942,0.555744627,0.669336908,Whole Rice
1119,68.6065591,21.10413125,0.951512208,37.7459276,0.966321244,0.49469496,145.688,3.250859193,0.550179576,0.662509924,Whole Rice
1191,70.18859296,22.07966735,0.949232193,38.94134432,0.962035541,0.492352212,149.542,3.178879096,0.554810158,0.669260596,Whole Rice
1229,71.92831449,22.24360929,0.95098178,39.55769711,0.957165109,0.450843727,155.349,3.233662017,0.549960018,0.639948202,Whole Rice
1117,68.3333046,21.32075907,0.950078411,37.71218068,0.954700855,0.474914966,147.375,3.205012748,0.551885803,0.64627209,Whole Rice
1136,70.66687918,21.01605434,0.954754188,38.03156745,0.956228956,0.759358289,149.458,3.362518864,0.53818094,0.639072107,Whole Rice
1101,67.95606679,21.00125803,0.95104849,37.44111028,0.965789474,0.758264463,144.984,3.235809335,0.550960526,0.658198712,Whole Rice
1084,70.20795745,20.05230839,0.958345026,37.1509309,0.964412811,0.647164179,148.689,3.501240659,0.529155558,0.616142924,Whole Rice
1103,68.13197503,21.06179479,0.95101904,37.47510131,0.954152249,0.628490028,146.787,3.234860832,0.550036914,0.643295017,Whole Rice
1094,68.99831445,20.68719985,0.95399522,37.32189789,0.952961672,0.633101852,147.655,3.335314347,0.540910284,0.630566465,Whole Rice
1184,74.98105926,20.62589673,0.961420932,38.82673848,0.951004016,0.472089314,157.679,3.635287243,0.517820618,0.598430683,Whole Rice
1223,73.03777803,21.66866164,0.954977744,39.46101827,0.962992126,0.450626382,153.877,3.370664015,0.540282294,0.649066059,Whole Rice
957,58.5372173,21.12054293,0.93264113,34.90687961,0.970588235,0.503684211,128.206,2.771577298,0.596319422,0.731652904,Head rice
955,56.39613487,21.91860474,0.921383619,34.87038522,0.964646465,0.521003819,125.75,2.572980149,0.618311615,0.758922185,Head rice
941,55.72548573,21.89410296,0.91958458,34.61384711,0.962167689,0.80703259,125.822,2.545228084,0.621149312,0.746941035,Head rice
919,56.5380111,21.10344353,0.927726311,34.20682887,0.960292581,0.609416446,125.839,2.679089364,0.605023562,0.729280932,Head rice
983,55.00367722,23.28815574,0.905946255,35.37788112,0.976166832,0.52287234,126.752,2.36187347,0.643191199,0.76887146,Head rice
1004,58.07442727,22.41227812,0.922530845,35.75377607,0.961685824,0.532061473,129.967,2.591188052,0.615654389,0.746925675,Head rice
953,55.59848388,22.15913807,0.917143774,34.83385259,0.968495935,0.667366947,124.408,2.509054445,0.626525224,0.773759774,Head rice
996,57.0210508,22.67896381,0.917502648,35.61104585,0.973607038,0.506097561,128.397,2.51427055,0.624524546,0.759205681,Head rice
965,57.34669244,21.88834941,0.92429263,35.05247724,0.974747475,0.543355856,127.146,2.619964227,0.611237994,0.750121777,Head rice
924,57.74401336,20.76350724,0.933114829,34.29975713,0.968553459,0.489925769,126.032,2.7810337,0.593996765,0.731004716,Head rice
1028,59.18972036,22.47712418,0.925090345,36.17858831,0.96435272,0.516842634,131.596,2.633331554,0.611230938,0.74596354,Head rice
927,57.21930447,20.89233307,0.930957581,34.35539343,0.971698113,0.858333333,125.954,2.738770452,0.600416131,0.734286713,Head rice
957,58.46236857,21.26379778,0.931509227,34.90687961,0.963746224,0.509042553,128.636,2.749385089,0.597082884,0.726769591,Head rice
956,57.76414486,21.50459179,0.928119384,34.88863719,0.971544715,0.505285412,128.438,2.68613073,0.60398431,0.728250326,Head rice
914,54.53948018,21.60912141,0.91815965,34.11364747,0.977540107,0.544047619,122.682,2.523910119,0.62548538,0.763122687,Head rice
981,57.65594281,22.24131701,0.922599453,35.34187309,0.955209348,0.544395117,129.693,2.592289962,0.612978842,0.732901818,Head rice
925,57.32814276,20.99371342,0.930535155,34.31831259,0.951646091,0.585072739,125.963,2.730729033,0.598629415,0.732597793,Head rice
932,58.09309868,20.75976977,0.933969221,34.44792092,0.972860125,0.832142857,126.748,2.798349853,0.592977853,0.729026888,Head rice
963,56.68608445,22.05610238,0.921198898,35.01613459,0.960119641,0.795867769,127.716,2.570086205,0.617720115,0.74190028,Head rice
1033,57.27684661,23.37813238,0.912910294,36.26646453,0.977294229,0.523302938,130.332,2.450018063,0.633178443,0.764201817,Head rice
935,58.07787485,20.86130536,0.933262378,34.50331831,0.957011259,0.758928571,127.972,2.784000035,0.594087136,0.717449868,Head rice
936,59.1259857,20.68349627,0.936816656,34.52176435,0.960985626,0.52,128.833,2.858606926,0.583867887,0.70864948,Head rice
909,53.02097765,22.54913637,0.90505851,34.02021085,0.957850369,0.662536443,122.787,2.35135292,0.641636808,0.757650598,Head rice
929,55.66066741,21.67526598,0.921061137,34.3924343,0.968717414,0.834681042,123.796,2.567934689,0.617894752,0.761749808,Head rice
914,54.21695987,21.77905091,0.915770526,34.11364747,0.970276008,0.814616756,121.695,2.489408749,0.629206203,0.775551406,Head rice
948,58.40665179,21.08117063,0.932589876,34.74235295,0.966360856,0.806122449,128.766,2.770560175,0.594835552,0.718481833,Head rice
1006,57.94001531,22.65629543,0.92037785,35.78936968,0.959923664,0.776234568,129.08,2.557347272,0.617696932,0.758734673,Head rice
1078,65.59555353,21.39003044,0.945338853,37.047972,0.9625,0.511142722,142.396,3.06664143,0.564793953,0.668087037,Head rice
970,56.45208409,22.21201405,0.919338878,35.14316944,0.9632572,0.582232893,126.162,2.541511272,0.622530948,0.765816057,Head rice
1001,66.76503569,19.51753932,0.956316972,35.70031911,0.960652591,0.450292398,141.231,3.420771163,0.534715795,0.630643426,Head rice
1012,58.37785428,22.41445109,0.923351934,35.89593876,0.969348659,0.624691358,129.602,2.604473964,0.614889656,0.757123924,Head rice
944,58.33367974,21.01974748,0.932822431,34.66897937,0.973195876,0.858181818,127.98,2.775184611,0.594321831,0.724265247,Head rice
1013,65.36332931,20.1433922,0.951329446,35.91366953,0.959280303,0.563403782,138.401,3.244901785,0.54944676,0.664570185,Head rice
1060,66.29044068,20.99668719,0.94851314,36.73736405,0.95581605,0.476833108,141.876,3.157185706,0.554187959,0.661755955,Head rice
1073,64.97125775,21.46506595,0.943848749,36.96195384,0.975454545,0.466521739,140.34,3.02683709,0.568897003,0.684615365,Head rice
913,55.4260611,21.45025577,0.922076912,34.09498063,0.965116279,0.596732026,123.821,2.583934741,0.615143489,0.748328055,Head rice
1025,56.90696025,23.51181934,0.910657338,36.12575997,0.960637301,0.773584906,129.725,2.420355457,0.634821467,0.765396322,Head rice
1025,56.90696025,23.51181934,0.910657338,36.12575997,0.960637301,0.773584906,129.725,2.420355457,0.634821467,0.765396322,Head rice
1049,62.55241354,21.75328993,0.937583216,36.54624854,0.956244303,0.585379464,136.433,2.875538079,0.584250015,0.708184626,Head rice
945,56.66006012,21.8163917,0.92289987,34.68733731,0.98540146,0.456521739,128.597,2.59713251,0.612200856,0.718091851,Head rice
1070,66.56093523,21.16302261,0.948107617,36.91024672,0.952804987,0.483288166,142.678,3.145152583,0.554533175,0.660510333,Head rice
910,65.29747791,18.24409678,0.960174879,34.03891869,0.956887487,0.760233918,138.012,3.579101706,0.521289945,0.600368029,Head rice
968,65.70255206,19.22533663,0.956231344,35.10692068,0.953694581,0.768253968,138.963,3.417498133,0.534331157,0.62992212,Head rice
985,66.26627603,19.37172224,0.956317036,35.41385254,0.96097561,0.529569892,140.477,3.4207736,0.534417424,0.627242745,Head rice
1007,61.96370588,21.40526888,0.938437711,35.80715322,0.947318909,0.481818182,136.55,2.894787551,0.57787301,0.678665739,Head rice
959,65.44832236,18.91096922,0.957345682,34.94333589,0.968686869,0.425465839,138.305,3.460865575,0.533907282,0.63001764,Head rice
951,65.83609995,18.81906186,0.958275224,34.7972816,0.960606061,0.43543956,138.444,3.498373108,0.528544091,0.623508105,Head rice
952,64.68022638,19.20625736,0.954895606,34.8155719,0.958710977,0.440740741,137.766,3.367664254,0.538272264,0.630322361,Head rice
1039,63.20578589,21.41387925,0.94085979,36.37163575,0.958487085,0.510565111,137.732,2.951627081,0.575447884,0.68826503,Head rice
1007,64.03903472,20.3223606,0.948310714,35.80715322,0.969201155,0.812096774,137.26,3.151161225,0.559145736,0.671662877,Head rice
1004,66.35962093,19.79089864,0.954491829,35.75377607,0.96076555,0.476055002,141.205,3.353037278,0.53878813,0.632766424,Head rice
977,65.14083741,19.7658038,0.952853148,35.26974674,0.945788964,0.552289429,140.634,3.295633108,0.541438338,0.620760064,Head rice
928,65.51362158,18.44682292,0.959540007,34.37391886,0.957688338,0.5,137.136,3.551485363,0.524683539,0.620090224,Head rice
1061,65.96718798,20.85250929,0.948724457,36.75468891,0.967183227,0.452259165,141.489,3.16351318,0.557166222,0.666008687,Head rice
1062,63.95234185,21.66958645,0.940844153,36.77200561,0.962828649,0.554858934,138.906,2.951248838,0.574990759,0.691659538,Head rice
1075,66.86637298,20.75503123,0.950607459,36.9963851,0.964125561,0.646033654,144.223,3.221694645,0.553288349,0.649455319,Head rice
969,64.72555248,19.46416241,0.953712988,35.12504973,0.95280236,0.556896552,137.748,3.325370552,0.542676708,0.641745803,Head rice
1065,64.38644932,21.42056057,0.943037164,36.82390684,0.969062784,0.484090909,141.034,3.005824666,0.571920136,0.672840035,Head rice
1059,64.79565797,21.46476668,0.943536495,36.72003102,0.949775785,0.754811119,139.36,3.018698453,0.566705118,0.68521924,Head rice
1018,63.95112899,20.82443545,0.94549712,36.00219239,0.951401869,0.746334311,139.666,3.070965797,0.562964141,0.655807307,Head rice
1037,63.77431816,21.30916792,0.942525581,36.3366125,0.966449208,0.480983302,137.42,2.992811282,0.569768734,0.690062984,Head rice
1019,64.16968813,20.54217647,0.947376077,36.01987085,0.966793169,0.443043478,137.958,3.123801814,0.561322205,0.67280664,Head rice
1062,63.60639712,21.65567819,0.94025761,36.77200561,0.969863014,0.500943396,140.413,2.937169483,0.57811804,0.676892565,Head rice
1079,66.17913428,21.15520691,0.947530351,37.06515168,0.969451932,0.461111111,141.208,3.128266935,0.560073082,0.680005938,Head rice
1020,65.76755913,20.21178429,0.951605749,36.03754064,0.957746479,0.599647266,141.362,3.253921485,0.547953142,0.641423214,Head rice
1001,64.89199427,20.19982315,0.950317015,35.70031911,0.954242135,0.452122855,139.362,3.21250309,0.550149822,0.647672117,Head rice
1046,64.9943235,20.76780227,0.947575298,36.49395243,0.960514233,0.635094111,140.204,3.129571568,0.561494458,0.668683705,Head rice
1075,65.73746822,21.22599138,0.946436394,36.9963851,0.954706927,0.741890959,143.512,3.097026992,0.562789929,0.655906439,Head rice
1055,65.68574416,20.86650237,0.948200763,36.65061691,0.961713765,0.784970238,141.783,3.147903898,0.557969121,0.659498787,Head rice
1075,63.40226179,21.99126179,0.937919521,36.9963851,0.962399284,0.492216117,137.485,2.88306612,0.58351838,0.714673522,Head rice
946,66.24619475,18.52257681,0.960115958,34.70568555,0.95845998,0.441025641,137.857,3.576510733,0.523889496,0.625523102,Head rice
1049,62.75459116,21.56196252,0.939119098,36.54624854,0.959743824,0.575109649,136.458,2.910430397,0.582367726,0.707925162,Head rice
1034,62.24243484,21.71922876,0.937142952,36.28401424,0.956521739,0.636699507,136.482,2.865775554,0.582946575,0.697556913,Head rice
1066,62.61084804,22.09462443,0.935665525,36.84119101,0.967332123,0.5500516,136.326,2.833759327,0.588415461,0.720791546,Head rice
983,66.91006761,19.02349366,0.958731109,35.37788112,0.971343874,0.429632867,140.538,3.517233416,0.528737788,0.625425874,Head rice
957,64.92847351,19.3874292,0.954379379,34.90687961,0.948463826,0.443055556,138.138,3.348998614,0.537620519,0.630224778,Head rice
983,66.53259003,18.93712896,0.958637639,35.37788112,0.970384995,0.511979167,140.13,3.513340917,0.531737621,0.629073134,Head rice
964,63.22151376,19.90019318,0.9491682,35.03431063,0.967871486,0.73030303,135.25,3.176929651,0.554151721,0.662235336,Head rice
1053,66.0043118,21.00877804,0.947992043,36.61586051,0.951219512,0.747869318,142.635,3.141749209,0.554749523,0.650408221,Head rice
1078,66.02763613,21.1188059,0.947468876,37.047972,0.963360143,0.724462366,141.436,3.126485297,0.561097961,0.677187127,Head rice
997,66.26261552,19.61331576,0.955189896,35.6289184,0.95681382,0.442128603,142.728,3.378450454,0.537692606,0.615016351,Head rice
1047,66.53014616,20.32850631,0.952174971,36.51139279,0.947511312,0.593537415,142.776,3.272751335,0.548794718,0.645425507,Head rice
982,66.78123662,18.98657874,0.958732381,35.35988169,0.941514861,0.686713287,143.793,3.517286476,0.529488274,0.596823428,Head rice
967,66.5905613,19.03002429,0.958296266,35.08878225,0.956478734,0.413247863,140.662,3.499236801,0.52693327,0.614161745,Head rice
1071,63.53304002,21.85121242,0.938993595,36.92749047,0.981668194,0.485054348,137.528,2.907529285,0.581232859,0.7115691,Head rice
1062,67.04989532,20.55254115,0.951862262,36.77200561,0.964577657,0.732919255,143.206,3.262365214,0.548427487,0.650746667,Head rice
1072,64.6866201,21.52609638,0.943006221,36.94472617,0.971014493,0.476444444,140.604,3.005032541,0.57113397,0.681411247,Head rice
955,65.73729084,19.00517725,0.957296485,34.87038522,0.964646465,0.423315603,140.505,3.458914903,0.530450598,0.607896548,Head rice
1037,64.76088821,20.78520125,0.947095123,36.3366125,0.989503817,0.866332498,138.376,3.115721009,0.561088853,0.680561028,Head rice
1062,66.60908899,20.77011757,0.950140842,36.77200561,0.971637694,0.445283019,142.424,3.206967354,0.552056876,0.657912326,Head rice
1078,65.59555353,21.39003044,0.945338853,37.047972,0.9625,0.511142722,142.396,3.06664143,0.564793953,0.668087037,Head rice
1063,65.34747578,20.98986701,0.947010045,36.78931416,0.957657658,0.670239596,140.361,3.113286795,0.562979881,0.678032047,Head rice
1008,63.65754132,20.74578425,0.945405376,35.82492793,0.961832061,0.456521739,137.561,3.068456732,0.562775866,0.669390813,Head rice
1073,64.97125775,21.46506595,0.943848749,36.96195384,0.975454545,0.466521739,140.34,3.02683709,0.568897003,0.684615365,Head rice
976,62.3161123,20.46099148,0.944558939,35.2516921,0.984863774,0.451433858,133.716,3.045605701,0.565691453,0.685950739,Head rice
976,65.08374147,19.74285783,0.952880648,35.2516921,0.954056696,0.432624113,140.058,3.296571451,0.541635919,0.625235805,Head rice
1068,63.42471906,21.94482189,0.938235273,36.87573503,0.956132498,0.503773585,139.411,2.890190651,0.581409513,0.690537124,Head rice
1029,64.57226589,20.95614759,0.945872693,36.19618062,0.963483146,0.487908962,139.072,3.081304215,0.56055305,0.668568388,Head rice
935,63.6973697,19.07563594,0.954104807,34.50331831,0.964912281,0.441037736,135.6,3.339200324,0.541675716,0.639001821,Head rice
1074,66.82977269,20.74348045,0.950608388,36.97917348,0.964959569,0.645432692,143.942,3.221724188,0.553333821,0.65138699,Head rice
955,65.17993624,19.30718096,0.955121734,34.87038522,0.943675889,0.505826271,138.352,3.37594268,0.534986489,0.626963636,Head rice
1060,66.29044068,20.99668719,0.94851314,36.73736405,0.95581605,0.476833108,141.876,3.157185706,0.554187959,0.661755955,Head rice
1001,61.58961362,21.114264,0.939400444,35.70031911,0.961575408,0.48498062,134.632,2.916967109,0.579648369,0.693980627,Head rice
1025,66.69144204,20.35518425,0.952283681,36.12575997,0.948196115,0.44798951,141.852,3.276386066,0.541685093,0.640122072,Head rice
1070,66.56093523,21.16302261,0.948107617,36.91024672,0.952804987,0.483288166,142.678,3.145152583,0.554533175,0.660510333,Head rice
955,65.73729084,19.00517725,0.957296485,34.87038522,0.964646465,0.423315603,140.505,3.458914903,0.530450598,0.607896548,Head rice
1069,64.64423813,21.41090584,0.943556589,36.89299491,0.970054446,0.476381462,141.241,3.019220141,0.570708171,0.673388975,Head rice
1080,65.17297929,21.45121654,0.94428016,37.08232339,0.966010733,0.48582996,141.488,3.038195022,0.568983094,0.67794491,Head rice
983,64.59950108,20.03720205,0.950679216,35.37788112,0.962781587,0.43572695,139.397,3.223978124,0.547649448,0.635706317,Head rice
1052,66.80997432,20.39983691,0.952243015,36.59846993,0.958105647,0.684895833,142.693,3.275024924,0.547799491,0.64926242,Head rice
1018,63.63866655,20.90478539,0.944506794,36.00219239,0.964015152,0.531870428,137.343,3.044215253,0.565728265,0.678179383,Head rice
985,65.68837819,20.00884399,0.952479564,35.41385254,0.947115385,0.810032895,141.37,3.282967183,0.539118997,0.619343492,Head rice
1008,65.04664192,20.1495224,0.950811399,35.82492793,0.957264957,0.739002933,139.476,3.228197702,0.550757531,0.651135582,Head rice
930,61.68625099,19.50075725,0.948716515,34.41093978,0.96473029,0.465,132.019,3.163274646,0.557838079,0.670532658,Head rice
996,61.06888819,21.17073942,0.937987232,35.61104585,0.957692308,0.517671518,134.151,2.88458929,0.583129101,0.695474761,Head rice
977,61.64973167,20.49160195,0.943142901,35.26974674,0.958783121,0.532135076,132.662,3.008536464,0.57209895,0.697607831,Head rice
1064,62.56095199,22.05699423,0.935786169,36.80661456,0.966394187,0.549019608,136.508,2.836331702,0.588332073,0.717522104,Head rice
967,59.3881957,21.31208758,0.93339114,35.08878225,0.96314741,0.737604882,131.057,2.78659683,0.590837654,0.707482812,Head rice
1024,66.50349256,19.84975406,0.954416869,36.10813335,0.958801498,0.738816739,140.774,3.350343403,0.542950933,0.649329178,Head rice
987,62.94397478,20.59376405,0.944963386,35.44978746,0.968596663,0.795967742,137.309,3.056457996,0.563195883,0.657853225,Head rice
984,61.63772158,20.67867079,0.942044741,35.3958714,0.959064327,0.473076923,133.383,2.980739053,0.574256648,0.695030719,Head rice
950,60.00219731,20.54398089,0.939558963,34.77898169,0.95766129,0.497121926,130.596,2.920670421,0.579628468,0.6999608,Head rice
1067,66.69191,20.87257434,0.949762976,36.85846706,0.956950673,0.705687831,143.52,3.195193315,0.552667738,0.650952699,Head rice
1047,64.12764985,21.08511303,0.944399893,36.51139279,0.972144847,0.858196721,138.938,3.041370931,0.569354917,0.681576267,Head rice
1006,65.27570782,20.35776517,0.950123625,35.78936968,0.954459203,0.457272727,140.504,3.206427978,0.54828007,0.640369248,Head rice
1064,66.03420517,20.94086663,0.948384917,36.80661456,0.965517241,0.495806151,140.676,3.153365442,0.557387107,0.675633959,Head rice
998,59.55282877,21.8710088,0.930120729,35.64678198,0.967054264,0.473659231,131.218,2.722911837,0.598574118,0.728372562,Head rice
1032,65.95688536,20.44054006,0.95076668,36.24890633,0.95202952,0.508374384,141.362,3.226768235,0.549584871,0.64896937,Head rice
1012,63.28151651,20.79237149,0.944479821,35.89593876,0.962892483,0.470697674,136.609,3.04349682,0.567242075,0.681446479,Head rice
1066,61.22646825,22.6575432,0.929007359,36.84119101,0.97440585,0.503780718,135.195,2.702255391,0.601720009,0.732901834,Head rice
1149,68.98698908,21.5882551,0.949775444,38.24855863,0.962311558,0.619073276,147.523,3.195579669,0.554431482,0.663453396,Head rice
1141,68.20876203,21.71830574,0.947953323,38.11517179,0.965313029,0.479814971,146.375,3.140611559,0.558801694,0.669208876,Head rice
900,61.6168021,18.83661998,0.952125991,33.85137501,0.960512273,0.646551724,131.024,3.271117758,0.549385458,0.658795564,Big Broke
883,62.41052,18.37623177,0.955669581,33.53014342,0.958740499,0.735833333,131.884,3.396263215,0.537251467,0.637949566,Big Broke
896,59.96767064,19.32799865,0.946635206,33.77606597,0.95828877,0.501960784,128.825,3.102632182,0.563237918,0.67844957,Big Broke
908,63.30821955,18.73108614,0.955227808,34.00149271,0.951781971,0.687878788,134.15,3.379847761,0.537078644,0.634036644,Big Broke
897,62.30078301,18.56353168,0.9545764,33.79490896,0.957310566,0.61862069,132.529,3.356084612,0.54244758,0.641771556,Big Broke
905,59.74719252,19.56427377,0.944868186,33.94527637,0.960721868,0.502219756,128.387,3.053892683,0.568148476,0.68994797,Big Broke
893,59.76636676,19.38121349,0.945960132,33.7194738,0.964362851,0.463414634,128.364,3.083726765,0.564188115,0.681043479,Big Broke
876,62.73578198,17.91203844,0.95837409,33.39697353,0.96369637,0.797814208,133.438,3.502436766,0.532343305,0.618236899,Big Broke
882,62.73788077,18.06864721,0.95762975,33.51115155,0.967105263,0.72295082,132.934,3.47219579,0.534145418,0.627200366,Big Broke
887,59.9859294,19.21755168,0.947293283,33.60600357,0.951716738,0.575974026,129.858,3.121413716,0.560231439,0.660991788,Big Broke
847,63.32533512,17.16642792,0.962555949,32.83951727,0.951685393,0.694262295,134.249,3.688905777,0.518584184,0.590569692,Big Broke
875,59.72365753,19.05231541,0.947752074,33.37790589,0.953159041,0.590418354,129.966,3.134719127,0.558872435,0.650966158,Big Broke
899,62.34672737,18.62361816,0.954343793,33.83256347,0.960470085,0.44593254,131.738,3.347723671,0.542651794,0.650949689,Big Broke
835,63.24129999,17.1882371,0.962357102,32.60605802,0.952109464,0.760473588,132.413,3.679336027,0.515581717,0.598459946,Big Broke
862,63.15910125,17.46179182,0.96102166,33.12902787,0.967452301,0.481026786,132.836,3.61698856,0.524532921,0.613882921,Big Broke
775,61.74252412,16.15957,0.965142455,31.41274657,0.977301387,0.401138716,127.43,3.820802416,0.508770042,0.59974716,Big Broke
903,60.7100636,19.57094556,0.94661463,33.90774703,0.954545455,0.754385965,129.99,3.10205061,0.558519379,0.671549031,Big Broke
822,60.99703954,17.60703302,0.957433512,32.35124272,0.952491309,0.430141287,129.132,3.464356515,0.530373982,0.619460939,Big Broke
873,59.87262973,18.88578096,0.948947974,33.33973789,0.963576159,0.498857143,127.427,3.170249081,0.556844389,0.675617967,Big Broke
824,60.51689904,17.51975582,0.957177446,32.39057556,0.962616822,0.448801743,127.742,3.454209046,0.535231912,0.634555559,Big Broke
849,60.47746843,18.26396986,0.953309107,32.87826597,0.940199336,0.631696429,128.121,3.311299181,0.543644878,0.649945461,Big Broke
860,62.0881027,17.81933853,0.957930326,33.0905728,0.958751394,0.593103448,130.867,3.484310183,0.532961572,0.631027116,Big Broke
858,62.14690455,17.77469708,0.95822634,33.052073,0.958659218,0.416909621,131.209,3.496369263,0.5318378,0.626281958,Big Broke
901,61.5216195,18.92848957,0.951492429,33.87017611,0.956475584,0.63006993,131.561,3.250212822,0.550541036,0.654154485,Big Broke
827,61.57214325,17.32725153,0.959586508,32.44948541,0.961627907,0.750453721,130.254,3.553485857,0.527015688,0.612538281,Big Broke
869,64.19372207,17.53236557,0.961980961,33.2632705,0.952850877,0.491794001,134.498,3.661440996,0.518170149,0.603667768,Big Broke
551,33.98848728,20.8431158,0.789896278,26.48688334,0.989228007,0.703703704,84.274,1.630681689,0.779289856,0.974931824,Small Broke
497,32.98054301,19.49621605,0.806566794,25.15551736,0.984158416,0.612068966,82.083,1.691638158,0.76273812,0.926957475,Small Broke
